,,SKT0,SKT0,SKT0,SKT0,SKT0,SKT0,SKT0,SKT0,SKT0,SKT0,SKT0,SKT0,SKT0,SKT0,SKT0,SKT0,SKT0,SKT0,SKT0,SKT0,SKT0,SKT0,SKT0,SKT0,SKT0,SKT0,SKT0,SKT0,SKT0,SKT0,SKT0,SKT0,SKT0,SKT1,SKT1,SKT1,SKT1,SKT1,SKT1,SKT1,SKT1,SKT1,SKT1,SKT1,SKT1,SKT1,SKT1,SKT1,SKT1,SKT1,SKT1,SKT1,SKT1,SKT1,SKT1,SKT1,SKT1,SKT1,SKT1,SKT1,SKT1,SKT1,SKT1,SKT1,SKT1,SKT1,System,System,System,System,System,System,System
Date,Time,Ch0Read,Ch0Write,Ch0PMM_Read,Ch0PMM_Write,Ch1Read,Ch1Write,Ch1PMM_Read,Ch1PMM_Write,Ch2Read,Ch2Write,Ch2PMM_Read,Ch2PMM_Write,Ch3Read,Ch3Write,Ch3PMM_Read,Ch3PMM_Write,Ch4Read,Ch4Write,Ch4PMM_Read,Ch4PMM_Write,Ch5Read,Ch5Write,Ch5PMM_Read,Ch5PMM_Write,Mem Read (MB/s),Mem Write (MB/s),PMM_Read (MB/s), PMM_Write (MB/s),iMC0 NM read hit rate,iMC1 NM read hit rate,iMC2 NM read hit rate,iMC3 NM read hit rate,Memory (MB/s),Ch0Read,Ch0Write,Ch0PMM_Read,Ch0PMM_Write,Ch1Read,Ch1Write,Ch1PMM_Read,Ch1PMM_Write,Ch2Read,Ch2Write,Ch2PMM_Read,Ch2PMM_Write,Ch3Read,Ch3Write,Ch3PMM_Read,Ch3PMM_Write,Ch4Read,Ch4Write,Ch4PMM_Read,Ch4PMM_Write,Ch5Read,Ch5Write,Ch5PMM_Read,Ch5PMM_Write,Mem Read (MB/s),Mem Write (MB/s),PMM_Read (MB/s), PMM_Write (MB/s),iMC0 NM read hit rate,iMC1 NM read hit rate,iMC2 NM read hit rate,iMC3 NM read hit rate,Memory (MB/s),DRAMRead,DRAMWrite,PMMREAD,PMMWrite,Read,Write,Memory
2023-02-23,07:30:50.744,  277.64,  216.67,    0.00,    0.00,,,,,,,,,  234.94,  181.92,    0.00,    0.00,,,,,,,,,  512.58,  398.60,    0.00,    0.00,    1.00,    1.00,    0.00,    0.00,  911.17,  996.77, 1342.79,    0.00,    0.00,  896.59, 1302.99,    0.00,    0.00,,,,,  882.12, 1287.15,    0.00,    0.00,  863.34, 1280.47,    0.00,    0.00,,,,, 3638.82, 5213.41,    0.00,    0.00,    1.00,    1.00,    0.00,    0.00, 8852.22,   4151.40,   5612.00,      0.00,      0.00,   4151.40,   5612.00,   9763.40
2023-02-23,07:30:50.841,  171.84,   90.49,    0.00,    0.00,,,,,,,,,  151.69,   73.12,    0.00,    0.00,,,,,,,,,  323.53,  163.61,    0.00,    0.00,    1.00,    1.00,    0.00,    0.00,  487.14,  977.41, 1262.35,    0.00,    0.00,  901.29, 1239.24,    0.00,    0.00,,,,,  895.98, 1231.02,    0.00,    0.00,  877.70, 1223.99,    0.00,    0.00,,,,, 3652.37, 4956.61,    0.00,    0.00,    1.00,    1.00,    0.00,    0.00, 8608.98,   3975.90,   5120.22,      0.00,      0.00,   3975.90,   5120.22,   9096.12
2023-02-23,07:30:50.942,  137.71,   55.93,    0.00,    0.00,,,,,,,,,  122.88,   43.11,    0.00,    0.00,,,,,,,,,  260.58,   99.04,    0.00,    0.00,    1.00,    0.99,    0.00,    0.00,  359.63, 1013.81, 1209.80,    0.00,    0.00,  960.08, 1199.79,    0.00,    0.00,,,,,  951.45, 1190.01,    0.00,    0.00,  941.49, 1189.62,    0.00,    0.00,,,,, 3866.82, 4789.22,    0.00,    0.00,    1.00,    1.00,    0.00,    0.00, 8656.04,   4127.40,   4888.27,      0.00,      0.00,   4127.40,   4888.27,   9015.67
2023-02-23,07:30:51.042,   85.21,   37.87,    0.00,    0.00,,,,,,,,,   72.24,   27.91,    0.00,    0.00,,,,,,,,,  157.45,   65.78,    0.00,    0.00,    0.99,    0.99,    0.00,    0.00,  223.22, 1113.10, 1239.23,    0.00,    0.00, 1067.82, 1227.23,    0.00,    0.00,,,,, 1061.72, 1221.34,    0.00,    0.00, 1049.60, 1214.54,    0.00,    0.00,,,,, 4292.25, 4902.35,    0.00,    0.00,    1.00,    1.00,    0.00,    0.00, 9194.59,   4449.69,   4968.12,      0.00,      0.00,   4449.69,   4968.12,   9417.81
2023-02-23,07:30:51.142,  175.49,   98.18,    0.00,    0.00,,,,,,,,,  146.21,   76.20,    0.00,    0.00,,,,,,,,,  321.70,  174.38,    0.00,    0.00,    1.00,    1.00,    0.00,    0.00,  496.07, 1537.24, 1632.49,    0.00,    0.00, 1438.84, 1600.40,    0.00,    0.00,,,,, 1440.04, 1598.07,    0.00,    0.00, 1410.15, 1581.38,    0.00,    0.00,,,,, 5826.27, 6412.35,    0.00,    0.00,    1.00,    1.00,    0.00,    0.00,12238.61,   6147.96,   6586.72,      0.00,      0.00,   6147.96,   6586.72,  12734.69
2023-02-23,07:30:51.241,  238.18,  162.03,    0.00,    0.00,,,,,,,,,  205.38,  135.29,    0.00,    0.00,,,,,,,,,  443.56,  297.32,    0.00,    0.00,    1.00,    1.00,    0.00,    0.00,  740.88, 1360.63, 1526.10,    0.00,    0.00, 1261.80, 1487.36,    0.00,    0.00,,,,, 1262.43, 1482.92,    0.00,    0.00, 1231.09, 1463.62,    0.00,    0.00,,,,, 5115.95, 5959.99,    0.00,    0.00,    1.00,    1.00,    0.00,    0.00,11075.94,   5559.51,   6257.31,      0.00,      0.00,   5559.51,   6257.31,  11816.82
2023-02-23,07:30:51.341,  126.43,   94.86,    0.00,    0.00,,,,,,,,,  107.19,   78.34,    0.00,    0.00,,,,,,,,,  233.61,  173.20,    0.00,    0.00,    1.00,    1.00,    0.00,    0.00,  406.81,  556.45,  651.09,    0.00,    0.00,  507.49,  630.51,    0.00,    0.00,,,,,  498.75,  623.27,    0.00,    0.00,  480.39,  606.50,    0.00,    0.00,,,,, 2043.08, 2511.38,    0.00,    0.00,    1.00,    1.00,    0.00,    0.00, 4554.46,   2276.69,   2684.58,      0.00,      0.00,   2276.69,   2684.58,   4961.27
2023-02-23,07:30:51.441,   57.98,   45.12,    0.00,    0.00,,,,,,,,,   49.81,   38.29,    0.00,    0.00,,,,,,,,,  107.79,   83.42,    0.00,    0.00,    1.00,    0.99,    0.00,    0.00,  191.21,  404.50,  499.68,    0.00,    0.00,  329.79,  468.38,    0.00,    0.00,,,,,  341.42,  473.13,    0.00,    0.00,  314.43,  452.40,    0.00,    0.00,,,,, 1390.14, 1893.59,    0.00,    0.00,    1.00,    1.00,    0.00,    0.00, 3283.73,   1497.93,   1977.00,      0.00,      0.00,   1497.93,   1977.00,   3474.93
2023-02-23,07:30:51.542,   92.32,   71.05,    0.00,    0.00,,,,,,,,,   82.13,   63.09,    0.00,    0.00,,,,,,,,,  174.46,  134.15,    0.00,    0.00,    1.00,    1.00,    0.00,    0.00,  308.60,  651.43,  774.84,    0.00,    0.00,  576.44,  755.12,    0.00,    0.00,,,,,  581.39,  751.05,    0.00,    0.00,  549.73,  732.58,    0.00,    0.00,,,,, 2359.00, 3013.60,    0.00,    0.00,    1.00,    1.00,    0.00,    0.00, 5372.60,   2533.45,   3147.74,      0.00,      0.00,   2533.45,   3147.74,   5681.20
2023-02-23,07:30:51.641,  102.36,   69.93,    0.00,    0.00,,,,,,,,,   90.20,   60.21,    0.00,    0.00,,,,,,,,,  192.56,  130.14,    0.00,    0.00,    1.00,    1.00,    0.00,    0.00,  322.70,  771.76, 1184.91,    0.00,    0.00,  731.48, 1174.60,    0.00,    0.00,,,,,  731.30, 1170.24,    0.00,    0.00,  712.87, 1164.93,    0.00,    0.00,,,,, 2947.41, 4694.69,    0.00,    0.00,    1.00,    1.00,    0.00,    0.00, 7642.10,   3139.97,   4824.83,      0.00,      0.00,   3139.97,   4824.83,   7964.81
2023-02-23,07:30:51.742,   90.56,   60.59,    0.00,    0.00,,,,,,,,,   75.61,   47.54,    0.00,    0.00,,,,,,,,,  166.17,  108.13,    0.00,    0.00,    1.00,    0.99,    0.00,    0.00,  274.30,  668.29, 1069.89,    0.00,    0.00,  641.02, 1059.48,    0.00,    0.00,,,,,  642.19, 1058.31,    0.00,    0.00,  629.51, 1053.20,    0.00,    0.00,,,,, 2581.01, 4240.89,    0.00,    0.00,    1.00,    1.00,    0.00,    0.00, 6821.90,   2747.18,   4349.02,      0.00,      0.00,   2747.18,   4349.02,   7096.20
2023-02-23,07:30:51.841,  184.92,  149.49,    0.00,    0.00,,,,,,,,,  143.44,  108.27,    0.00,    0.00,,,,,,,,,  328.36,  257.76,    0.00,    0.00,    1.03,    1.00,    0.00,    0.00,  586.12,  619.49, 1063.49,    0.00,    0.00,  564.44, 1050.29,    0.00,    0.00,,,,,  568.09, 1050.00,    0.00,    0.00,  553.88, 1046.67,    0.00,    0.00,,,,, 2305.90, 4210.45,    0.00,    0.00,    1.00,    1.00,    0.00,    0.00, 6516.35,   2634.25,   4468.21,      0.00,      0.00,   2634.25,   4468.21,   7102.47
2023-02-23,07:30:51.941,  405.79,  354.77,    0.00,    0.00,    0.00,    0.00,    0.00,    0.00,,,,,  339.97,  293.04,    0.00,    0.00,,,,,,,,,  745.76,  647.80,    0.00,    0.00,    1.02,    1.01,    0.00,    0.00, 1393.56, 1270.98, 2275.68,    0.00,    0.00, 1103.21, 2210.87,    0.00,    0.00,,,,, 1112.02, 2210.51,    0.00,    0.00, 1055.84, 2189.64,    0.00,    0.00,,,,, 4542.05, 8886.70,    0.00,    0.00,    1.00,    1.00,    0.00,    0.00,13428.75,   5287.81,   9534.51,      0.00,      0.00,   5287.81,   9534.51,  14822.32
2023-02-23,07:30:52.041,  523.57,  442.39,    0.00,    0.00,,,,,,,,,  444.10,  366.95,    0.00,    0.00,,,,,,,,,  967.67,  809.34,    0.00,    0.00,    1.02,    1.01,    0.00,    0.00, 1777.01, 1606.03, 2876.46,    0.00,    0.00, 1375.48, 2807.08,    0.00,    0.00,,,,, 1390.39, 2807.40,    0.00,    0.00, 1303.25, 2765.79,    0.00,    0.00,,,,, 5675.14,11256.73,    0.00,    0.00,    1.00,    1.00,    0.00,    0.00,16931.87,   6642.81,  12066.07,      0.00,      0.00,   6642.81,  12066.07,  18708.88
2023-02-23,07:30:52.141,  497.86,  447.30,    0.00,    0.00,,,,,,,,,  429.40,  384.76,    0.00,    0.00,    0.00,    0.00,    0.00,    0.00,    0.00,    0.00,    0.00,    0.00,  927.26,  832.06,    0.00,    0.00,    1.02,    1.01,    0.00,    0.00, 1759.32, 1620.43, 2962.35,    0.00,    0.00, 1378.13, 2892.39,    0.00,    0.00,,,,, 1398.55, 2894.38,    0.00,    0.00, 1309.13, 2855.54,    0.00,    0.00,,,,, 5706.24,11604.65,    0.00,    0.00,    1.00,    1.00,    0.00,    0.00,17310.90,   6633.51,  12436.71,      0.00,      0.00,   6633.51,  12436.71,  19070.22
2023-02-23,07:30:52.241,  450.79,  383.13,    0.00,    0.00,,,,,,,,,  388.51,  325.08,    0.00,    0.00,,,,,,,,,  839.30,  708.21,    0.00,    0.00,    1.02,    1.01,    0.00,    0.00, 1547.51, 1560.55, 2856.51,    0.00,    0.00, 1328.58, 2785.29,    0.00,    0.00,,,,, 1345.77, 2787.48,    0.00,    0.00, 1266.56, 2755.38,    0.00,    0.00,,,,, 5501.47,11184.66,    0.00,    0.00,    1.00,    1.00,    0.00,    0.00,16686.12,   6340.77,  11892.86,      0.00,      0.00,   6340.77,  11892.86,  18233.63
2023-02-23,07:30:52.341,  484.64,  418.30,    0.00,    0.00,,,,,,,,,  417.91,  355.25,    0.00,    0.00,,,,,,,,,  902.55,  773.55,    0.00,    0.00,    1.02,    1.01,    0.00,    0.00, 1676.10, 1601.82, 2876.18,    0.00,    0.00, 1368.26, 2804.22,    0.00,    0.00,,,,, 1389.72, 2812.49,    0.00,    0.00, 1306.74, 2777.34,    0.00,    0.00,,,,, 5666.53,11270.22,    0.00,    0.00,    1.00,    1.00,    0.00,    0.00,16936.76,   6569.08,  12043.78,      0.00,      0.00,   6569.08,  12043.78,  18612.86
2023-02-23,07:30:52.442,  553.97,  489.18,    0.00,    0.00,,,,,,,,,  472.97,  411.44,    0.00,    0.00,,,,,,,,, 1026.94,  900.62,    0.00,    0.00,    1.02,    1.01,    0.00,    0.00, 1927.56, 1582.83, 2902.24,    0.00,    0.00, 1365.02, 2837.39,    0.00,    0.00,,,,, 1381.65, 2841.21,    0.00,    0.00, 1301.20, 2810.89,    0.00,    0.00,,,,, 5630.70,11391.73,    0.00,    0.00,    1.00,    1.00,    0.00,    0.00,17022.43,   6657.64,  12292.35,      0.00,      0.00,   6657.64,  12292.35,  18950.00
2023-02-23,07:30:52.541,  548.44,  486.51,    0.00,    0.00,,,,,,,,,  462.28,  402.29,    0.00,    0.00,,,,,,,,, 1010.72,  888.79,    0.00,    0.00,    1.02,    1.01,    0.00,    0.00, 1899.51, 1522.43, 2739.61,    0.00,    0.00, 1305.14, 2678.33,    0.00,    0.00,,,,, 1319.20, 2679.30,    0.00,    0.00, 1243.58, 2648.64,    0.00,    0.00,,,,, 5390.35,10745.89,    0.00,    0.00,    1.00,    1.00,    0.00,    0.00,16136.24,   6401.07,  11634.68,      0.00,      0.00,   6401.07,  11634.68,  18035.75
2023-02-23,07:30:52.641,  449.76,  390.17,    0.00,    0.00,,,,,    0.00,    0.00,    0.00,    0.00,  386.98,  330.90,    0.00,    0.00,,,,,    0.00,    0.00,    0.00,    0.00,  836.74,  721.07,    0.00,    0.00,    1.02,    1.01,    0.00,    0.00, 1557.81, 1500.97, 2689.50,    0.00,    0.00, 1268.28, 2610.19,    0.00,    0.00,,,,, 1291.90, 2619.29,    0.00,    0.00, 1209.32, 2585.19,    0.00,    0.00,,,,, 5270.46,10504.17,    0.00,    0.00,    1.00,    1.00,    0.00,    0.00,15774.63,   6107.21,  11225.24,      0.00,      0.00,   6107.21,  11225.24,  17332.44
2023-02-23,07:30:52.742,  397.90,  343.42,    0.00,    0.00,    0.00,    0.00,    0.00,    0.00,,,,,  350.87,  300.21,    0.00,    0.00,    0.00,    0.00,    0.00,    0.00,,,,,  748.77,  643.63,    0.00,    0.00,    1.01,    1.01,    0.00,    0.00, 1392.40, 1387.03, 2513.76,    0.00,    0.00, 1184.75, 2441.85,    0.00,    0.00,,,,, 1207.71, 2450.48,    0.00,    0.00, 1136.89, 2421.82,    0.00,    0.00,,,,, 4916.38, 9827.91,    0.00,    0.00,    1.00,    1.00,    0.00,    0.00,14744.29,   5665.15,  10471.54,      0.00,      0.00,   5665.15,  10471.54,  16136.69
2023-02-23,07:30:52.842,  401.22,  357.64,    0.00,    0.00,    0.00,    0.00,    0.00,    0.00,,,,,  352.48,  311.92,    0.00,    0.00,,,,,    0.00,    0.00,    0.00,    0.00,  753.70,  669.57,    0.00,    0.00,    1.02,    1.01,    0.00,    0.00, 1423.27, 1292.76, 2394.59,    0.00,    0.00, 1071.65, 2327.85,    0.00,    0.00,,,,, 1092.55, 2331.86,    0.00,    0.00, 1013.94, 2304.65,    0.00,    0.00,,,,, 4470.89, 9358.96,    0.00,    0.00,    1.00,    1.00,    0.00,    0.00,13829.85,   5224.60,  10028.52,      0.00,      0.00,   5224.60,  10028.52,  15253.12
2023-02-23,07:30:52.943,  399.87,  346.98,    0.00,    0.00,,,,,    0.00,    0.00,    0.00,    0.00,  349.83,  300.96,    0.00,    0.00,,,,,    0.00,    0.00,    0.00,    0.00,  749.70,  647.94,    0.00,    0.00,    1.02,    1.01,    0.00,    0.00, 1397.64, 1386.98, 2539.71,    0.00,    0.00, 1180.00, 2462.92,    0.00,    0.00,,,,, 1198.97, 2468.39,    0.00,    0.00, 1127.76, 2440.16,    0.00,    0.00,,,,, 4893.72, 9911.17,    0.00,    0.00,    1.00,    1.00,    0.00,    0.00,14804.89,   5643.42,  10559.11,      0.00,      0.00,   5643.42,  10559.11,  16202.53
2023-02-23,07:30:53.043,  394.18,  354.35,    0.00,    0.00,,,,,,,,,  343.82,  308.09,    0.00,    0.00,,,,,,,,,  738.00,  662.44,    0.00,    0.00,    1.02,    1.01,    0.00,    0.00, 1400.43, 1359.87, 2507.93,    0.00,    0.00, 1138.76, 2439.49,    0.00,    0.00,,,,, 1159.09, 2442.99,    0.00,    0.00, 1083.65, 2415.78,    0.00,    0.00,,,,, 4741.37, 9806.19,    0.00,    0.00,    1.00,    1.00,    0.00,    0.00,14547.56,   5479.36,  10468.63,      0.00,      0.00,   5479.36,  10468.63,  15947.99
2023-02-23,07:30:53.143,  432.44,  387.45,    0.00,    0.00,,,,,,,,,  380.68,  340.58,    0.00,    0.00,,,,,,,,,  813.12,  728.04,    0.00,    0.00,    1.02,    1.01,    0.00,    0.00, 1541.15, 1530.87, 2807.56,    0.00,    0.00, 1298.57, 2726.62,    0.00,    0.00,,,,, 1327.55, 2739.15,    0.00,    0.00, 1242.98, 2703.38,    0.00,    0.00,,,,, 5399.98,10976.71,    0.00,    0.00,    1.00,    1.00,    0.00,    0.00,16376.68,   6213.09,  11704.74,      0.00,      0.00,   6213.09,  11704.74,  17917.84
2023-02-23,07:30:53.244,  422.52,  369.97,    0.00,    0.00,    0.00,    0.00,    0.00,    0.00,,,,,  372.66,  324.16,    0.00,    0.00,,,,,,,,,  795.18,  694.13,    0.00,    0.00,    1.02,    1.01,    0.00,    0.00, 1489.31, 1501.67, 2734.09,    0.00,    0.00, 1274.28, 2648.83,    0.00,    0.00,,,,, 1299.82, 2658.98,    0.00,    0.00, 1219.39, 2623.12,    0.00,    0.00,,,,, 5295.16,10665.02,    0.00,    0.00,    1.00,    1.00,    0.00,    0.00,15960.18,   6090.34,  11359.15,      0.00,      0.00,   6090.34,  11359.15,  17449.49
2023-02-23,07:30:53.343,  388.98,  328.89,    0.00,    0.00,,,,,,,,,  338.21,  282.57,    0.00,    0.00,,,,,,,,,  727.19,  611.46,    0.00,    0.00,    1.02,    1.01,    0.00,    0.00, 1338.65, 1484.97, 2548.63,    0.00,    0.00, 1307.06, 2474.54,    0.00,    0.00,,,,, 1322.22, 2477.62,    0.00,    0.00, 1261.35, 2452.32,    0.00,    0.00,,,,, 5375.60, 9953.11,    0.00,    0.00,    1.00,    1.00,    0.00,    0.00,15328.71,   6102.79,  10564.57,      0.00,      0.00,   6102.79,  10564.57,  16667.36
2023-02-23,07:30:53.443,  252.42,  198.86,    0.00,    0.00,,,,,,,,,  213.56,  164.41,    0.00,    0.00,    0.00,    0.00,    0.00,    0.00,,,,,  465.99,  363.28,    0.00,    0.00,    1.01,    1.00,    0.00,    0.00,  829.27, 1334.41, 2090.62,    0.00,    0.00, 1227.93, 2047.66,    0.00,    0.00,,,,, 1227.22, 2041.34,    0.00,    0.00, 1201.94, 2032.00,    0.00,    0.00,,,,, 4991.50, 8211.62,    0.00,    0.00,    1.00,    1.00,    0.00,    0.00,13203.12,   5457.49,   8574.90,      0.00,      0.00,   5457.49,   8574.90,  14032.39
2023-02-23,07:30:53.544,   95.33,   55.79,    0.00,    0.00,,,,,,,,,   83.85,   45.49,    0.00,    0.00,,,,,,,,,  179.18,  101.28,    0.00,    0.00,    1.00,    1.00,    0.00,    0.00,  280.46, 1269.37, 1835.17,    0.00,    0.00, 1195.40, 1808.01,    0.00,    0.00,,,,, 1191.15, 1799.37,    0.00,    0.00, 1177.36, 1797.47,    0.00,    0.00,,,,, 4833.29, 7240.03,    0.00,    0.00,    1.00,    1.00,    0.00,    0.00,12073.32,   5012.47,   7341.31,      0.00,      0.00,   5012.47,   7341.31,  12353.78
2023-02-23,07:30:53.643,  167.05,   89.64,    0.00,    0.00,,,,,,,,,  139.42,   68.53,    0.00,    0.00,,,,,,,,,  306.47,  158.17,    0.00,    0.00,    1.00,    1.00,    0.00,    0.00,  464.64, 1419.19, 1956.81,    0.00,    0.00, 1341.79, 1948.77,    0.00,    0.00,,,,, 1342.20, 1940.72,    0.00,    0.00, 1312.79, 1937.19,    0.00,    0.00,,,,, 5415.97, 7783.49,    0.00,    0.00,    1.00,    1.00,    0.00,    0.00,13199.46,   5722.44,   7941.66,      0.00,      0.00,   5722.44,   7941.66,  13664.10
2023-02-23,07:30:53.744,  164.97,   91.20,    0.00,    0.00,,,,,,,,,  141.05,   71.61,    0.00,    0.00,,,,,,,,,  306.01,  162.81,    0.00,    0.00,    1.00,    1.00,    0.00,    0.00,  468.83, 1353.64, 1816.55,    0.00,    0.00, 1300.60, 1808.79,    0.00,    0.00,,,,, 1298.07, 1796.53,    0.00,    0.00, 1275.45, 1792.28,    0.00,    0.00,,,,, 5227.77, 7214.15,    0.00,    0.00,    1.00,    1.00,    0.00,    0.00,12441.91,   5533.78,   7376.96,      0.00,      0.00,   5533.78,   7376.96,  12910.74
2023-02-23,07:30:53.843,  137.79,   80.72,    0.00,    0.00,,,,,,,,,  120.59,   68.24,    0.00,    0.00,,,,,,,,,  258.38,  148.96,    0.00,    0.00,    1.00,    1.00,    0.00,    0.00,  407.34, 1327.43, 1782.84,    0.00,    0.00, 1273.21, 1759.15,    0.00,    0.00,,,,, 1280.30, 1759.83,    0.00,    0.00, 1258.32, 1752.45,    0.00,    0.00,,,,, 5139.25, 7054.28,    0.00,    0.00,    1.00,    1.00,    0.00,    0.00,12193.53,   5397.63,   7203.24,      0.00,      0.00,   5397.63,   7203.24,  12600.87
2023-02-23,07:30:53.944,  130.45,   91.50,    0.00,    0.00,,,,,,,,,  112.93,   76.41,    0.00,    0.00,,,,,,,,,  243.38,  167.91,    0.00,    0.00,    1.00,    1.00,    0.00,    0.00,  411.30,  915.05, 1322.87,    0.00,    0.00,  855.68, 1296.75,    0.00,    0.00,,,,,  854.80, 1291.97,    0.00,    0.00,  839.51, 1284.99,    0.00,    0.00,,,,, 3465.04, 5196.59,    0.00,    0.00,    1.00,    1.00,    0.00,    0.00, 8661.64,   3708.43,   5364.51,      0.00,      0.00,   3708.43,   5364.51,   9072.93
2023-02-23,07:30:54.043,   56.92,   33.96,    0.00,    0.00,,,,,,,,,   50.05,   27.93,    0.00,    0.00,,,,,,,,,  106.97,   61.89,    0.00,    0.00,    0.98,    0.98,    0.00,    0.00,  168.86,  712.30, 1088.11,    0.00,    0.00,  668.22, 1079.63,    0.00,    0.00,,,,,  666.54, 1075.81,    0.00,    0.00,  650.81, 1071.94,    0.00,    0.00,,,,, 2697.86, 4315.49,    0.00,    0.00,    1.00,    1.00,    0.00,    0.00, 7013.35,   2804.83,   4377.38,      0.00,      0.00,   2804.83,   4377.38,   7182.21
2023-02-23,07:30:54.143,   86.81,   48.35,    0.00,    0.00,    0.00,    0.00,    0.00,    0.00,,,,,   76.05,   38.33,    0.00,    0.00,,,,,    0.00,    0.00,    0.00,    0.00,  162.86,   86.68,    0.00,    0.00,    1.00,    1.00,    0.00,    0.00,  249.55,  716.02, 1184.73,    0.00,    0.00,  674.56, 1168.74,    0.00,    0.00,,,,,  677.04, 1166.01,    0.00,    0.00,  661.79, 1164.86,    0.00,    0.00,,,,, 2729.41, 4684.34,    0.00,    0.00,    1.00,    1.00,    0.00,    0.00, 7413.75,   2892.27,   4771.02,      0.00,      0.00,   2892.27,   4771.02,   7663.30
2023-02-23,07:30:54.245,   92.21,   54.66,    0.00,    0.00,,,,,,,,,   82.30,   47.37,    0.00,    0.00,,,,,,,,,  174.51,  102.03,    0.00,    0.00,    1.00,    1.00,    0.00,    0.00,  276.54, 1185.86, 1290.21,    0.00,    0.00, 1146.01, 1277.38,    0.00,    0.00,,,,, 1149.56, 1271.14,    0.00,    0.00, 1130.71, 1267.71,    0.00,    0.00,,,,, 4612.13, 5106.44,    0.00,    0.00,    1.00,    1.00,    0.00,    0.00, 9718.57,   4786.64,   5208.47,      0.00,      0.00,   4786.64,   5208.47,   9995.11
2023-02-23,07:30:54.356,   66.72,   35.31,    0.00,    0.00,,,,,,,,,   61.27,   31.04,    0.00,    0.00,    0.00,    0.00,    0.00,    0.00,,,,,  128.00,   66.35,    0.00,    0.00,    1.00,    0.99,    0.00,    0.00,  194.34, 1297.19, 1225.80,    0.00,    0.00, 1268.32, 1206.77,    0.00,    0.00,,,,, 1272.55, 1207.78,    0.00,    0.00, 1265.25, 1204.45,    0.00,    0.00,,,,, 5103.32, 4844.81,    0.00,    0.00,    1.00,    1.00,    0.00,    0.00, 9948.12,   5231.31,   4911.16,      0.00,      0.00,   5231.31,   4911.16,  10142.47
2023-02-23,07:30:54.456,  178.28,  156.35,    0.00,    0.00,,,,,,,,,  135.99,  116.99,    0.00,    0.00,,,,,,,,,  314.27,  273.34,    0.00,    0.00,    1.02,    1.00,    0.00,    0.00,  587.61, 1224.45, 1031.59,    0.00,    0.00, 1173.69, 1023.32,    0.00,    0.00,,,,, 1170.52, 1011.05,    0.00,    0.00, 1156.85, 1007.74,    0.00,    0.00,,,,, 4725.52, 4073.69,    0.00,    0.00,    1.00,    1.00,    0.00,    0.00, 8799.21,   5039.79,   4347.03,      0.00,      0.00,   5039.79,   4347.03,   9386.81
2023-02-23,07:30:54.556,  445.21,  389.50,    0.00,    0.00,,,,,,,,,  372.67,  318.65,    0.00,    0.00,,,,,,,,,  817.87,  708.14,    0.00,    0.00,    1.02,    1.01,    0.00,    0.00, 1526.02, 1624.56, 2153.45,    0.00,    0.00, 1481.69, 2090.44,    0.00,    0.00,,,,, 1487.58, 2088.22,    0.00,    0.00, 1445.09, 2070.57,    0.00,    0.00,,,,, 6038.92, 8402.68,    0.00,    0.00,    1.00,    1.00,    0.00,    0.00,14441.60,   6856.79,   9110.82,      0.00,      0.00,   6856.79,   9110.82,  15967.62
2023-02-23,07:30:54.656, 1188.96, 1041.41,    0.00,    0.00,,,,,,,,, 1288.63, 1227.14,    0.00,    0.00,    0.00,    0.00,    0.00,    0.00,,,,, 2477.59, 2268.55,    0.00,    0.00,    1.02,    1.09,    0.00,    0.00, 4746.14, 1932.58, 3090.97,    0.00,    0.00, 1710.56, 3042.52,    0.00,    0.00,,,,, 1716.73, 3033.39,    0.00,    0.00, 1746.97, 3196.70,    0.00,    0.00,,,,, 7106.84,12363.58,    0.00,    0.00,    1.02,    1.06,    0.00,    0.00,19470.42,   9584.43,  14632.12,      0.00,      0.00,   9584.43,  14632.12,  24216.56
2023-02-23,07:30:54.756,  733.70,  653.34,    0.00,    0.00,,,,,,,,,  716.48,  654.92,    0.00,    0.00,,,,,,,,, 1450.18, 1308.25,    0.00,    0.00,    1.02,    1.04,    0.00,    0.00, 2758.44, 2120.12, 3456.49,    0.00,    0.00, 1844.64, 3365.93,    0.00,    0.00,,,,, 1950.39, 3516.97,    0.00,    0.00, 1987.98, 3718.70,    0.00,    0.00,,,,, 7903.13,14058.09,    0.00,    0.00,    1.03,    1.09,    0.00,    0.00,21961.22,   9353.31,  15366.34,      0.00,      0.00,   9353.31,  15366.34,  24719.65
2023-02-23,07:30:54.856,  525.70,  450.89,    0.00,    0.00,,,,,,,,,  462.32,  392.07,    0.00,    0.00,,,,,,,,,  988.02,  842.96,    0.00,    0.00,    1.01,    1.01,    0.00,    0.00, 1830.98, 1747.25, 2962.05,    0.00,    0.00, 1506.26, 2867.74,    0.00,    0.00,,,,, 1547.35, 2905.04,    0.00,    0.00, 1497.89, 2921.25,    0.00,    0.00,,,,, 6298.75,11656.08,    0.00,    0.00,    1.01,    1.02,    0.00,    0.00,17954.83,   7286.77,  12499.04,      0.00,      0.00,   7286.77,  12499.04,  19785.81
2023-02-23,07:30:54.961,  389.02,  350.57,    0.00,    0.00,,,,,,,,,  344.04,  310.21,    0.00,    0.00,,,,,,,,,  733.06,  660.78,    0.00,    0.00,    1.01,    1.01,    0.00,    0.00, 1393.84, 1838.66, 2382.81,    0.00,    0.00, 1638.42, 2306.61,    0.00,    0.00,,,,, 1657.76, 2308.94,    0.00,    0.00, 1579.73, 2271.77,    0.00,    0.00,,,,, 6714.56, 9270.13,    0.00,    0.00,    1.00,    1.00,    0.00,    0.00,15984.70,   7447.62,   9930.92,      0.00,      0.00,   7447.62,   9930.92,  17378.54
2023-02-23,07:30:55.064,  209.64,  193.54,    0.00,    0.00,,,,,,,,,  180.48,  166.56,    0.00,    0.00,,,,,,,,,  390.12,  360.10,    0.00,    0.00,    1.02,    1.01,    0.00,    0.00,  750.22, 1446.71, 1503.24,    0.00,    0.00, 1366.77, 1471.11,    0.00,    0.00,,,,, 1374.46, 1471.46,    0.00,    0.00, 1343.67, 1460.38,    0.00,    0.00,,,,, 5531.61, 5906.19,    0.00,    0.00,    1.00,    1.00,    0.00,    0.00,11437.80,   5921.73,   6266.29,      0.00,      0.00,   5921.73,   6266.29,  12188.02
2023-02-23,07:30:55.164,  430.92,  336.85,    0.00,    0.00,,,,,,,,,  382.52,  295.47,    0.00,    0.00,,,,,,,,,  813.44,  632.32,    0.00,    0.00,    1.02,    1.01,    0.00,    0.00, 1445.76, 1852.86, 2287.71,    0.00,    0.00, 1680.66, 2225.30,    0.00,    0.00,,,,, 1692.86, 2224.67,    0.00,    0.00, 1631.88, 2199.53,    0.00,    0.00,,,,, 6858.27, 8937.21,    0.00,    0.00,    1.00,    1.00,    0.00,    0.00,15795.48,   7671.71,   9569.53,      0.00,      0.00,   7671.71,   9569.53,  17241.24
2023-02-23,07:30:55.264,  649.49,  552.79,    0.00,    0.00,,,,,,,,,  554.97,  461.00,    0.00,    0.00,,,,,,,,, 1204.46, 1013.79,    0.00,    0.00,    1.02,    1.01,    0.00,    0.00, 2218.25, 1702.98, 2934.49,    0.00,    0.00, 1475.72, 2869.77,    0.00,    0.00,,,,, 1490.65, 2869.54,    0.00,    0.00, 1398.40, 2836.50,    0.00,    0.00,,,,, 6067.75,11510.29,    0.00,    0.00,    1.00,    1.00,    0.00,    0.00,17578.04,   7272.20,  12524.08,      0.00,      0.00,   7272.20,  12524.08,  19796.29
2023-02-23,07:30:55.364,  522.25,  462.76,    0.00,    0.00,,,,,,,,,  449.89,  394.19,    0.00,    0.00,,,,,,,,,  972.13,  856.95,    0.00,    0.00,    1.02,    1.01,    0.00,    0.00, 1829.08, 1554.55, 2753.83,    0.00,    0.00, 1329.73, 2672.68,    0.00,    0.00,,,,, 1351.86, 2681.46,    0.00,    0.00, 1271.00, 2646.57,    0.00,    0.00,,,,, 5507.15,10754.55,    0.00,    0.00,    1.00,    1.00,    0.00,    0.00,16261.69,   6479.28,  11611.50,      0.00,      0.00,   6479.28,  11611.50,  18090.77
2023-02-23,07:30:55.464,  435.96,  370.62,    0.00,    0.00,,,,,,,,,  385.17,  321.87,    0.00,    0.00,,,,,,,,,  821.13,  692.49,    0.00,    0.00,    1.02,    1.01,    0.00,    0.00, 1513.62, 1474.06, 2717.51,    0.00,    0.00, 1256.31, 2639.52,    0.00,    0.00,,,,, 1278.86, 2647.13,    0.00,    0.00, 1199.15, 2617.49,    0.00,    0.00,,,,, 5208.38,10621.65,    0.00,    0.00,    1.00,    1.00,    0.00,    0.00,15830.03,   6029.51,  11314.14,      0.00,      0.00,   6029.51,  11314.14,  17343.65
2023-02-23,07:30:55.565,  297.82,  256.18,    0.00,    0.00,,,,,,,,,  265.12,  230.50,    0.00,    0.00,,,,,,,,,  562.94,  486.68,    0.00,    0.00,    1.00,    1.00,    0.00,    0.00, 1049.62, 1603.74, 2094.74,    0.00,    0.00, 1435.84, 2028.05,    0.00,    0.00,,,,, 1452.93, 2027.67,    0.00,    0.00, 1390.12, 2004.74,    0.00,    0.00,,,,, 5882.63, 8155.19,    0.00,    0.00,    1.00,    1.00,    0.00,    0.00,14037.82,   6445.57,   8641.87,      0.00,      0.00,   6445.57,   8641.87,  15087.45
2023-02-23,07:30:55.665,  202.33,  156.60,    0.00,    0.00,,,,,,,,,  183.29,  138.87,    0.00,    0.00,,,,,,,,,  385.62,  295.46,    0.00,    0.00,    1.01,    1.01,    0.00,    0.00,  681.09, 1427.71, 1434.35,    0.00,    0.00, 1353.58, 1403.51,    0.00,    0.00,,,,, 1362.14, 1405.16,    0.00,    0.00, 1340.22, 1398.00,    0.00,    0.00,,,,, 5483.65, 5641.02,    0.00,    0.00,    1.00,    1.00,    0.00,    0.00,11124.67,   5869.27,   5936.49,      0.00,      0.00,   5869.27,   5936.49,  11805.76
2023-02-23,07:30:55.766,  216.92,  181.07,    0.00,    0.00,,,,,,,,,  197.29,  165.85,    0.00,    0.00,,,,,,,,,  414.20,  346.93,    0.00,    0.00,    1.01,    1.01,    0.00,    0.00,  761.13, 1527.80, 1744.98,    0.00,    0.00, 1402.34, 1688.48,    0.00,    0.00,,,,, 1417.64, 1690.42,    0.00,    0.00, 1368.91, 1670.02,    0.00,    0.00,,,,, 5716.69, 6793.90,    0.00,    0.00,    1.00,    1.00,    0.00,    0.00,12510.59,   6130.89,   7140.83,      0.00,      0.00,   6130.89,   7140.83,  13271.72
2023-02-23,07:30:55.865,  364.21,  313.24,    0.00,    0.00,,,,,,,,,  321.97,  272.08,    0.00,    0.00,,,,,,,,,  686.18,  585.33,    0.00,    0.00,    1.02,    1.01,    0.00,    0.00, 1271.51, 1442.96, 2279.97,    0.00,    0.00, 1265.43, 2210.68,    0.00,    0.00,,,,, 1287.57, 2219.24,    0.00,    0.00, 1224.61, 2197.76,    0.00,    0.00,,,,, 5220.57, 8907.64,    0.00,    0.00,    1.00,    1.00,    0.00,    0.00,14128.21,   5906.75,   9492.97,      0.00,      0.00,   5906.75,   9492.97,  15399.72
2023-02-23,07:30:55.965,  399.37,  339.48,    0.00,    0.00,,,,,,,,,  352.82,  296.88,    0.00,    0.00,,,,,,,,,  752.19,  636.35,    0.00,    0.00,    1.01,    1.01,    0.00,    0.00, 1388.54, 1388.97, 2558.76,    0.00,    0.00, 1181.90, 2484.73,    0.00,    0.00,,,,, 1200.96, 2487.29,    0.00,    0.00, 1127.90, 2461.63,    0.00,    0.00,,,,, 4899.73, 9992.40,    0.00,    0.00,    1.00,    1.00,    0.00,    0.00,14892.13,   5651.92,  10628.76,      0.00,      0.00,   5651.92,  10628.76,  16280.67
2023-02-23,07:30:56.065,  409.80,  361.53,    0.00,    0.00,,,,,,,,,  362.86,  319.43,    0.00,    0.00,,,,,,,,,  772.65,  680.95,    0.00,    0.00,    1.02,    1.01,    0.00,    0.00, 1453.61, 1596.75, 2846.73,    0.00,    0.00, 1355.65, 2758.93,    0.00,    0.00,,,,, 1385.11, 2773.51,    0.00,    0.00, 1300.18, 2736.70,    0.00,    0.00,,,,, 5637.69,11115.86,    0.00,    0.00,    1.00,    1.00,    0.00,    0.00,16753.56,   6410.35,  11796.82,      0.00,      0.00,   6410.35,  11796.82,  18207.16
2023-02-23,07:30:56.165,  178.57,  153.35,    0.00,    0.00,,,,,,,,,  160.36,  139.38,    0.00,    0.00,,,,,,,,,  338.94,  292.74,    0.00,    0.00,    1.01,    1.00,    0.00,    0.00,  631.67, 1457.06, 1601.19,    0.00,    0.00, 1349.27, 1555.66,    0.00,    0.00,,,,, 1359.10, 1551.44,    0.00,    0.00, 1318.38, 1536.05,    0.00,    0.00,,,,, 5483.81, 6244.33,    0.00,    0.00,    1.00,    1.00,    0.00,    0.00,11728.15,   5822.75,   6537.07,      0.00,      0.00,   5822.75,   6537.07,  12359.82
2023-02-23,07:30:56.265,  215.59,  182.80,    0.00,    0.00,,,,,,,,,  195.27,  166.30,    0.00,    0.00,,,,,,,,,  410.86,  349.09,    0.00,    0.00,    1.02,    1.01,    0.00,    0.00,  759.96, 1573.24, 1761.72,    0.00,    0.00, 1460.86, 1714.59,    0.00,    0.00,,,,, 1473.84, 1715.59,    0.00,    0.00, 1433.43, 1702.24,    0.00,    0.00,,,,, 5941.36, 6894.14,    0.00,    0.00,    1.00,    1.00,    0.00,    0.00,12835.50,   6352.22,   7243.23,      0.00,      0.00,   6352.22,   7243.23,  13595.46
2023-02-23,07:30:56.366,  107.84,   86.81,    0.00,    0.00,,,,,,,,,  100.59,   81.05,    0.00,    0.00,,,,,,,,,  208.44,  167.87,    0.00,    0.00,    1.00,    1.01,    0.00,    0.00,  376.30, 1303.67, 1228.91,    0.00,    0.00, 1250.51, 1201.25,    0.00,    0.00,,,,, 1256.48, 1201.13,    0.00,    0.00, 1239.45, 1195.95,    0.00,    0.00,,,,, 5050.10, 4827.24,    0.00,    0.00,    1.00,    1.00,    0.00,    0.00, 9877.34,   5258.54,   4995.11,      0.00,      0.00,   5258.54,   4995.11,  10253.65
2023-02-23,07:30:56.465,  257.55,  214.13,    0.00,    0.00,,,,,,,,,  228.69,  187.58,    0.00,    0.00,,,,,,,,,  486.24,  401.71,    0.00,    0.00,    1.02,    1.01,    0.00,    0.00,  887.94, 1601.03, 1712.05,    0.00,    0.00, 1489.10, 1665.49,    0.00,    0.00,,,,, 1501.53, 1666.28,    0.00,    0.00, 1463.10, 1652.77,    0.00,    0.00,,,,, 6054.76, 6696.58,    0.00,    0.00,    1.00,    1.00,    0.00,    0.00,12751.35,   6541.00,   7098.29,      0.00,      0.00,   6541.00,   7098.29,  13639.29
2023-02-23,07:30:56.565,  214.92,  155.25,    0.00,    0.00,,,,,,,,,  216.16,  160.38,    0.00,    0.00,,,,,,,,,  431.09,  315.62,    0.00,    0.00,    1.01,    1.01,    0.00,    0.00,  746.71, 1397.21, 1285.43,    0.00,    0.00, 1315.24, 1252.63,    0.00,    0.00,,,,, 1317.14, 1250.56,    0.00,    0.00, 1294.03, 1240.23,    0.00,    0.00,,,,, 5323.61, 5028.86,    0.00,    0.00,    1.00,    1.00,    0.00,    0.00,10352.47,   5754.70,   5344.48,      0.00,      0.00,   5754.70,   5344.48,  11099.18
2023-02-23,07:30:56.665,  291.18,  231.72,    0.00,    0.00,,,,,,,,,  254.33,  205.55,    0.00,    0.00,,,,,,,,,  545.50,  437.27,    0.00,    0.00,    1.01,    1.00,    0.00,    0.00,  982.77, 1535.65, 1361.54,    0.00,    0.00, 1449.06, 1330.01,    0.00,    0.00,,,,, 1448.95, 1324.08,    0.00,    0.00, 1419.49, 1307.95,    0.00,    0.00,,,,, 5853.14, 5323.59,    0.00,    0.00,    1.00,    1.00,    0.00,    0.00,11176.73,   6398.65,   5760.86,      0.00,      0.00,   6398.65,   5760.86,  12159.51
2023-02-23,07:30:56.766,  534.46, 1135.67,    0.00,    0.00,,,,,,,,,  411.94, 1071.28,    0.00,    0.00,,,,,    0.00,    0.00,    0.00,    0.00,  946.40, 2206.95,    0.00,    0.00,    1.00,    1.00,    0.00,    0.00, 3153.35, 1348.11,  827.49,    0.00,    0.00, 1273.37,  807.81,    0.00,    0.00,,,,, 1264.17,  794.39,    0.00,    0.00, 1252.99,  789.08,    0.00,    0.00,,,,, 5138.63, 3218.78,    0.00,    0.00,    1.00,    1.00,    0.00,    0.00, 8357.41,   6085.03,   5425.73,      0.00,      0.00,   6085.04,   5425.73,  11510.76
2023-02-23,07:30:56.865,  374.48,  445.26,    0.00,    0.00,,,,,,,,,  313.37,  419.96,    0.00,    0.00,,,,,,,,,  687.85,  865.22,    0.00,    0.00,    1.00,    1.00,    0.00,    0.00, 1553.07, 1746.34, 1576.61,    0.00,    0.00, 1673.46, 1558.87,    0.00,    0.00,,,,, 1666.05, 1545.12,    0.00,    0.00, 1645.38, 1541.65,    0.00,    0.00,,,,, 6731.23, 6222.25,    0.00,    0.00,    1.00,    1.00,    0.00,    0.00,12953.48,   7419.08,   7087.47,      0.00,      0.00,   7419.08,   7087.47,  14506.55
2023-02-23,07:30:56.965,  650.63,  886.41,    0.00,    0.00,,,,,,,,,  547.04,  843.34,    0.00,    0.00,,,,,,,,, 1197.67, 1729.76,    0.00,    0.00,    1.00,    1.00,    0.00,    0.00, 2927.42, 1748.72, 1290.50,    0.00,    0.00, 1674.54, 1276.25,    0.00,    0.00,,,,, 1669.83, 1268.96,    0.00,    0.00, 1650.30, 1265.90,    0.00,    0.00,,,,, 6743.40, 5101.62,    0.00,    0.00,    1.00,    1.00,    0.00,    0.00,11845.03,   7941.07,   6831.38,      0.00,      0.00,   7941.07,   6831.38,  14772.45
2023-02-23,07:30:57.065,  440.45,  635.10,    0.00,    0.00,,,,,,,,,  379.80,  623.03,    0.00,    0.00,,,,,,,,,  820.25, 1258.13,    0.00,    0.00,    1.00,    1.00,    0.00,    0.00, 2078.38, 1459.67, 1125.21,    0.00,    0.00, 1422.08, 1115.01,    0.00,    0.00,,,,, 1415.69, 1106.64,    0.00,    0.00, 1400.16, 1101.61,    0.00,    0.00,,,,, 5697.61, 4448.47,    0.00,    0.00,    1.00,    1.00,    0.00,    0.00,10146.08,   6517.86,   5706.61,      0.00,      0.00,   6517.86,   5706.61,  12224.46
2023-02-23,07:30:57.167,  557.38,  892.08,    0.00,    0.00,,,,,,,,,  470.96,  872.90,    0.00,    0.00,,,,,,,,, 1028.34, 1764.97,    0.00,    0.00,    1.00,    1.00,    0.00,    0.00, 2793.31, 1496.95, 1007.18,    0.00,    0.00, 1441.27,  987.57,    0.00,    0.00,,,,, 1442.38,  982.01,    0.00,    0.00, 1423.38,  969.83,    0.00,    0.00,,,,, 5803.98, 3946.59,    0.00,    0.00,    1.00,    1.00,    0.00,    0.00, 9750.57,   6832.32,   5711.56,      0.00,      0.00,   6832.32,   5711.56,  12543.88
2023-02-23,07:30:57.267,  237.10,  349.93,    0.00,    0.00,,,,,,,,,  194.62,  335.14,    0.00,    0.00,,,,,    0.00,    0.00,    0.00,    0.00,  431.72,  685.07,    0.00,    0.00,    1.00,    1.00,    0.00,    0.00, 1116.79, 1428.30, 1096.58,    0.00,    0.00, 1376.89, 1092.90,    0.00,    0.00,,,,, 1374.02, 1080.50,    0.00,    0.00, 1351.50, 1075.25,    0.00,    0.00,,,,, 5530.72, 4345.23,    0.00,    0.00,    1.00,    1.00,    0.00,    0.00, 9875.95,   5962.44,   5030.30,      0.00,      0.00,   5962.44,   5030.30,  10992.74
2023-02-23,07:30:57.367,  414.42,  701.92,    0.00,    0.00,,,,,,,,,  348.90,  679.90,    0.00,    0.00,,,,,    0.00,    0.00,    0.00,    0.00,  763.32, 1381.82,    0.00,    0.00,    1.04,    1.02,    0.00,    0.00, 2145.14, 1253.63,  806.15,    0.00,    0.00, 1214.21,  794.81,    0.00,    0.00,,,,, 1210.90,  789.34,    0.00,    0.00, 1198.36,  783.81,    0.00,    0.00,,,,, 4877.09, 3174.12,    0.00,    0.00,    1.00,    1.00,    0.00,    0.00, 8051.21,   5640.41,   4555.94,      0.00,      0.00,   5640.41,   4555.94,  10196.35
2023-02-23,07:30:57.467,  226.43,  331.31,    0.00,    0.00,,,,,,,,,  187.32,  318.01,    0.00,    0.00,,,,,,,,,  413.75,  649.32,    0.00,    0.00,    1.02,    1.01,    0.00,    0.00, 1063.08, 1185.41,  902.84,    0.00,    0.00, 1150.25,  892.76,    0.00,    0.00,,,,, 1150.41,  885.21,    0.00,    0.00, 1132.49,  881.33,    0.00,    0.00,,,,, 4618.56, 3562.14,    0.00,    0.00,    1.00,    1.00,    0.00,    0.00, 8180.70,   5032.31,   4211.47,      0.00,      0.00,   5032.31,   4211.47,   9243.78
2023-02-23,07:30:57.568,  422.79,  716.32,    0.00,    0.00,,,,,,,,,  365.26,  686.13,    0.00,    0.00,,,,,,,,,  788.05, 1402.45,    0.00,    0.00,    1.09,    1.04,    0.00,    0.00, 2190.50, 1114.42,  732.01,    0.00,    0.00, 1086.21,  723.58,    0.00,    0.00,,,,, 1084.14,  716.77,    0.00,    0.00, 1073.09,  714.22,    0.00,    0.00,,,,, 4357.87, 2886.58,    0.00,    0.00,    1.00,    1.00,    0.00,    0.00, 7244.45,   5145.92,   4289.03,      0.00,      0.00,   5145.92,   4289.03,   9434.95
2023-02-23,07:30:57.669,  250.00,  365.16,    0.00,    0.00,,,,,,,,,  214.03,  339.66,    0.00,    0.00,,,,,,,,,  464.03,  704.82,    0.00,    0.00,    1.09,    1.04,    0.00,    0.00, 1168.85, 1059.03,  715.96,    0.00,    0.00, 1039.40,  708.59,    0.00,    0.00,,,,, 1037.77,  704.17,    0.00,    0.00, 1031.51,  701.74,    0.00,    0.00,,,,, 4167.70, 2830.46,    0.00,    0.00,    1.00,    1.00,    0.00,    0.00, 6998.16,   4631.73,   3535.28,      0.00,      0.00,   4631.73,   3535.28,   8167.01
2023-02-23,07:30:57.769,  568.88,  167.94,    0.00,    0.00,,,,,,,,,  577.92,  186.03,    0.00,    0.00,,,,,,,,, 1146.80,  353.97,    0.00,    0.00,    1.01,    1.01,    0.00,    0.00, 1500.77,  708.71,  492.53,    0.00,    0.00,  687.94,  485.30,    0.00,    0.00,,,,,  686.63,  479.41,    0.00,    0.00,  673.68,  475.32,    0.00,    0.00,,,,, 2756.97, 1932.56,    0.00,    0.00,    1.00,    1.00,    0.00,    0.00, 4689.53,   3903.77,   2286.53,      0.00,      0.00,   3903.77,   2286.53,   6190.30
2023-02-23,07:30:57.868,  881.98,  716.25,    0.00,    0.00,,,,,,,,,  790.07,  658.12,    0.00,    0.00,,,,,,,,, 1672.05, 1374.37,    0.00,    0.00,    1.03,    1.01,    0.00,    0.00, 3046.42,  949.67,  862.57,    0.00,    0.00,  871.39,  835.94,    0.00,    0.00,,,,,  869.59,  831.32,    0.00,    0.00,  852.00,  823.59,    0.00,    0.00,,,,, 3542.65, 3353.41,    0.00,    0.00,    1.00,    1.00,    0.00,    0.00, 6896.06,   5214.70,   4727.79,      0.00,      0.00,   5214.70,   4727.79,   9942.48
2023-02-23,07:30:57.968, 1395.99, 1162.58,    0.00,    0.00,,,,,,,,, 1267.71, 1102.19,    0.00,    0.00,,,,,,,,, 2663.70, 2264.77,    0.00,    0.00,    1.02,    1.01,    0.00,    0.00, 4928.47,  987.01, 1166.50,    0.00,    0.00,  877.39, 1134.70,    0.00,    0.00,,,,,  883.30, 1133.75,    0.00,    0.00,  846.82, 1119.24,    0.00,    0.00,,,,, 3594.51, 4554.20,    0.00,    0.00,    1.00,    1.00,    0.00,    0.00, 8148.71,   6258.21,   6818.97,      0.00,      0.00,   6258.21,   6818.97,  13077.18
2023-02-23,07:30:58.068,  921.82,  865.60,    0.00,    0.00,,,,,,,,,  831.77,  823.20,    0.00,    0.00,    0.00,    0.00,    0.00,    0.00,,,,, 1753.59, 1688.80,    0.00,    0.00,    1.02,    1.01,    0.00,    0.00, 3442.39,  922.88,  910.96,    0.00,    0.00,  863.85,  887.70,    0.00,    0.00,,,,,  866.73,  884.95,    0.00,    0.00,  847.49,  881.64,    0.00,    0.00,,,,, 3500.96, 3565.24,    0.00,    0.00,    1.00,    1.00,    0.00,    0.00, 7066.20,   5254.55,   5254.05,      0.00,      0.00,   5254.55,   5254.05,  10508.59
2023-02-23,07:30:58.168, 1301.82, 1159.74,    0.00,    0.00,,,,,,,,, 1184.65, 1103.43,    0.00,    0.00,,,,,,,,, 2486.47, 2263.16,    0.00,    0.00,    1.03,    1.02,    0.00,    0.00, 4749.64, 1266.78, 1583.28,    0.00,    0.00, 1133.52, 1532.83,    0.00,    0.00,,,,, 1149.94, 1540.21,    0.00,    0.00, 1106.58, 1523.27,    0.00,    0.00,,,,, 4656.82, 6179.59,    0.00,    0.00,    1.01,    1.00,    0.00,    0.00,10836.41,   7143.29,   8442.75,      0.00,      0.00,   7143.29,   8442.75,  15586.05
2023-02-23,07:30:58.268,  824.83,  734.71,    0.00,    0.00,,,,,,,,,  753.15,  707.06,    0.00,    0.00,    0.00,    0.00,    0.00,    0.00,,,,, 1577.99, 1441.77,    0.00,    0.00,    1.01,    1.01,    0.00,    0.00, 3019.76,  995.54, 1038.78,    0.00,    0.00,  922.37, 1006.81,    0.00,    0.00,,,,,  927.01, 1004.67,    0.00,    0.00,  899.42,  993.07,    0.00,    0.00,,,,, 3744.34, 4043.34,    0.00,    0.00,    1.00,    1.00,    0.00,    0.00, 7787.68,   5322.33,   5485.11,      0.00,      0.00,   5322.33,   5485.11,  10807.44
2023-02-23,07:30:58.368, 1155.39, 1372.88,    0.00,    0.00,,,,,,,,, 1013.01, 1323.24,    0.00,    0.00,    0.00,    0.00,    0.00,    0.00,,,,, 2168.41, 2696.12,    0.00,    0.00,    1.02,    1.01,    0.00,    0.00, 4864.52,  949.63,  870.50,    0.00,    0.00,  860.49,  847.02,    0.00,    0.00,,,,,  868.55,  849.45,    0.00,    0.00,  843.33,  844.54,    0.00,    0.00,,,,, 3522.00, 3411.51,    0.00,    0.00,    1.00,    1.00,    0.00,    0.00, 6933.51,   5690.41,   6107.63,      0.00,      0.00,   5690.41,   6107.63,  11798.04
2023-02-23,07:30:58.468, 1311.57, 1192.89,    0.00,    0.00,,,,,    0.00,    0.00,    0.00,    0.00, 1195.15, 1143.95,    0.00,    0.00,,,,,    0.00,    0.00,    0.00,    0.00, 2506.73, 2336.84,    0.00,    0.00,    1.02,    1.01,    0.00,    0.00, 4843.57, 1288.84, 1487.81,    0.00,    0.00, 1173.16, 1446.06,    0.00,    0.00,,,,, 1183.63, 1451.14,    0.00,    0.00, 1142.88, 1434.19,    0.00,    0.00,,,,, 4788.51, 5819.20,    0.00,    0.00,    1.00,    1.00,    0.00,    0.00,10607.71,   7295.23,   8156.04,      0.00,      0.00,   7295.23,   8156.04,  15451.28
2023-02-23,07:30:58.568, 1016.53,  813.94,    0.00,    0.00,    0.00,    0.00,    0.00,    0.00,    0.00,    0.00,    0.00,    0.00,  913.77,  769.08,    0.00,    0.00,    0.00,    0.00,    0.00,    0.00,    0.00,    0.00,    0.00,    0.00, 1930.30, 1583.02,    0.00,    0.00,    1.01,    1.00,    0.00,    0.00, 3513.31, 1037.28,  994.14,    0.00,    0.00,  942.04,  963.16,    0.00,    0.00,,,,,  947.63,  965.00,    0.00,    0.00,  919.07,  951.25,    0.00,    0.00,,,,, 3846.02, 3873.54,    0.00,    0.00,    1.00,    1.00,    0.00,    0.00, 7719.56,   5776.32,   5456.56,      0.00,      0.00,   5776.32,   5456.56,  11232.88
2023-02-23,07:30:58.668, 1383.85, 1162.64,    0.00,    0.00,,,,,    0.00,    0.00,    0.00,    0.00, 1254.66, 1116.80,    0.00,    0.00,    0.00,    0.00,    0.00,    0.00,    0.00,    0.00,    0.00,    0.00, 2638.50, 2279.44,    0.00,    0.00,    1.00,    1.00,    0.00,    0.00, 4917.94,  763.95,  803.04,    0.00,    0.00,  650.32,  775.45,    0.00,    0.00,,,,,  660.51,  775.92,    0.00,    0.00,  629.34,  766.43,    0.00,    0.00,,,,, 2704.12, 3120.84,    0.00,    0.00,    1.00,    1.00,    0.00,    0.00, 5824.96,   5342.62,   5400.28,      0.00,      0.00,   5342.62,   5400.28,  10742.90
2023-02-23,07:30:58.768, 1104.49, 1384.32,    0.00,    0.00,    0.00,    0.00,    0.00,    0.00,    0.00,    0.00,    0.00,    0.00,  947.17, 1320.43,    0.00,    0.00,    0.00,    0.00,    0.00,    0.00,    0.00,    0.00,    0.00,    0.00, 2051.66, 2704.74,    0.00,    0.00,    1.01,    1.01,    0.00,    0.00, 4756.41,  792.93,  928.15,    0.00,    0.00,  654.36,  892.82,    0.00,    0.00,,,,,  663.17,  891.69,    0.00,    0.00,  627.44,  882.63,    0.00,    0.00,,,,, 2737.90, 3595.30,    0.00,    0.00,    1.00,    1.00,    0.00,    0.00, 6333.20,   4789.57,   6300.04,      0.00,      0.00,   4789.57,   6300.04,  11089.61
